Time,A1,A2,A3,A4,A5,A6,A7,A8,B1,B2,B3,B4,B5,B6,B7,B8,C1,C2,C3,C4,C5,C6,C7,C8,D1,D2,D3,D4,D5,D6,D7,D8,E1,E2,E3,E4,E5,E6,E7,E8,F1,F2,F3,F4,F5,F6,F7,F8
0,0,0,0,0,0,0,0,0,0,0,0,0,0,0,0,0,0,0,0,0,0,0,0,0,0,0,0,0,0,0,0,0,0,0,0,0,0,0,0,0,0,0,0,0,0,0,0,0
15,0.216015403,0.180418607,0.227057451,0.267595314,0,0.354256563,0.200972673,0,0.380678329,0.140727659,0.218347379,0.00836825,0.247152091,0.229185866,0.341561306,0,0.140183972,0.236891101,0.10237441,-0.041499731,0.30189773,0.153874322,0.199094296,0,0.056862862,0.332086265,0.137783702,0.00851069,0.306884279,0.223915454,0.174158246,0,0.203730361,0.18959025,0.231727295,0.008583744,0.224911898,0.160499908,0.141571898,0,-0.0102565,0,0,0.098939948,-0.035718083,0,0,0.008888947
30,0.416001307,0.373266576,0.447697872,0.497095431,0,0.620524541,0.386459505,0,0.637980799,0.300927299,0.486611366,0.00836825,0.389766199,0.413012314,0.567745914,0,0.321098069,0.306009514,0.195234763,-0.041499731,0.586317157,0.254747171,0.326521906,0.008583744,0.11304369,0.533327655,0.374693449,0.00851069,0.634306681,0.47625816,0.380772496,0,0.334329761,0.351273175,0.446287103,0.008583744,0.399547931,0.298766905,0.279838895,0,-0.0102565,0,0,0.054488185,0.025975486,0,0,0
45,0.584666538,0.550338777,0.651098944,0.681718485,0,0.802846098,0.54093261,0,0.815314815,0.456017387,0.716788944,0.00836825,0.474665642,0.531073785,0.714349388,0,0.501069449,0.345635715,0.287108514,-0.033060862,0.789658081,0.327032966,0.400502319,0.008583744,0.172969451,0.666538072,0.643646537,0.00851069,0.863492546,0.665748206,0.582351869,0,0.437811838,0.567759546,0.553439116,0.008583744,0.492968006,0.418822073,0.399894063,0.008438869,-0.0102565,0,0.00873368,0.098939948,0.00873368,-0.008658063,0,0
60,0.695946996,0.706367392,0.813106496,0.834225779,0.00836825,0.938269639,0.655917839,0,0.894587995,0.577861025,0.876265868,0.00836825,0.549327171,0.622529613,0.82354868,0,0.695571424,0.39988073,0.39315726,-0.033060862,0.924188974,0.39834764,0.461614579,0.017094433,0.235828711,0.772010941,0.881605174,0.00851069,0.99551678,0.797541979,0.781783253,0,0.528643467,0.78784499,0.627458573,0.008583744,0.543044344,0.509550926,0.508322494,0.008438869,-0.0102565,0.008163311,0,0.039220713,0.00873368,0,0,0
75,0.782492281,0.834725954,0.955511445,0.962190721,0.00836825,1.044008155,0.762140052,0.008438869,0.861721187,0.67520948,0.980230988,0.00836825,0.615438196,0.704446736,0.909122242,0,0.856272722,0.464919126,0.479136113,-0.033060862,1.034954437,0.480585739,0.525079982,0.008583744,0.291001027,0.860958427,1.073682906,0.00851069,1.090415521,0.885712105,0.934657609,0,0.600330768,0.94483565,0.682312838,0.008583744,0.590732175,0.596243375,0.600437782,0.008438869,-0.0102565,0.008163311,0,-0.016129382,0.017391743,0,0,0
90,0.857393589,0.961634806,1.077475438,1.07173927,0.00836825,1.130310664,0.860967647,0.008438869,0.822786829,0.751416089,1.076030684,0.016667052,0.68375744,0.773189888,0.989275625,0,0.95251967,0.537204921,0.55172101,-0.024692613,1.137494076,0.56430222,0.591629656,0.008583744,0.369360103,0.946889973,1.228110939,0.00851069,1.16950811,0.963793066,1.041740778,0,0.656918242,1.068997368,0.743578034,0.008583744,0.659398196,0.696326833,0.692104971,0.008438869,-0.0102565,0.008163311,0,0,-0.044850566,0,0,0
105,0.914419824,1.075534341,1.195703413,1.161017855,0,1.212630867,0.957298756,0.016807118,0.758744463,0.824175443,1.158955419,0.00836825,0.744751953,0.839147856,1.064710737,0,1.01424525,0.60722005,0.616919815,-0.033060862,1.217536784,0.639509697,0.652737642,0,0.445435676,1.017353184,1.358934843,0.00851069,1.248672983,1.037585398,1.127460443,0,0.695018088,1.160622363,0.797429529,0,0.721502406,0.789229114,0.775111118,0.008438869,-0.0102565,0.008163311,0,0.031498667,0,0,0,0
120,0.951188672,1.187101238,1.298212893,1.25059612,0.00836825,1.283346392,1.048658657,0.008438869,0.750776293,0.895634407,1.235527106,0.00836825,0.809198014,0.904095459,1.129095305,0.008298803,1.092118759,0.685961521,0.681613027,-0.041499731,1.286790378,0.692179595,0.713968508,0,0.531879033,1.06975346,1.468083794,0,1.31438178,1.108855656,1.197611148,0,0.723881007,1.230880257,0.850371948,0,0.788055027,0.875999382,0.848190319,0,-0.0102565,0.008163311,0,-0.024292693,-0.044850566,-0.008658063,0,0
135,0.985956274,1.289557308,1.388253226,1.326793634,0.00836825,1.354389815,1.134505212,-0.00851069,0.779687637,0.958924418,1.307944797,0.00836825,0.871045678,0.973701639,1.181946277,0,1.188316907,0.77227153,0.755389489,-0.041499731,1.35497189,0.741292391,0.768227099,0,0.617196267,1.11381345,1.5676685,0,1.368795201,1.180138896,1.270034555,0,0.746622861,1.295603127,0.898898989,0,0.87103414,0.95256738,0.908762465,0,-0.0102565,0.008163311,0,-0.016129382,-0.044850566,0,0,0
150,1.014146522,1.37482196,1.461801914,1.391960099,0,1.417212401,1.211584954,0,0.807786548,1.028030854,1.373049134,0.00836825,0.930519243,1.038776497,1.238374231,0,1.277421752,0.849681652,0.826105014,-0.041499731,1.424116265,0.794243297,0.832693861,0.008583744,0.690484063,1.149796168,1.646251886,0,1.437026273,1.243342007,1.341399041,0,0.768859002,1.356390381,0.946016912,0,0.956191949,1.014491923,0.961104748,0,-0.0102565,0.008163311,0,-0.032523192,-0.026668247,0.008583744,0,-0.00896867
165,1.042223232,1.452494998,1.522640416,1.455792156,0.016667052,1.480725806,1.281302917,0,0.84729786,1.101570871,1.440990949,0,0.992443785,1.108662625,1.287854288,0,1.347947053,0.917721688,0.890266958,-0.041499731,1.489780875,0.849505976,0.895279454,0.008583744,0.771141966,1.181848008,1.715025675,0,1.489918677,1.309063013,1.418690716,0,0.792308747,1.412873999,0.998188482,0,1.037803284,1.069166714,1.010084611,0,-0.0102565,0.008163311,0,-0.008032172,0.017391743,0.008583744,0,0
180,1.062452307,1.507872468,1.579988908,1.507438744,0.00836825,1.533172282,1.341276144,0.008438869,0.887635476,1.172826075,1.503545623,0.00836825,1.050756267,1.165751592,1.343424139,0,1.419710358,0.970634262,0.943441721,-0.041499731,1.546718587,0.8939937,0.950357286,0.008583744,0.842346412,1.209645959,1.781288169,0,1.543646907,1.372688709,1.492630011,0,0.807456302,1.459319496,1.047772612,0,1.127684103,1.108471523,1.053876395,0,-0.0102565,0.008163311,0,-0.024292693,-0.044850566,0.008583744,0,0
195,1.080378524,1.560343519,1.626545639,1.556548449,0.00836825,1.586965057,1.397855184,0,0.930873155,1.25085639,1.564420527,0.00836825,1.112021463,1.230880257,1.393411829,0,1.485568431,1.026033042,0.994779657,-0.033060862,1.600588297,0.936586278,1.004374141,0,0.916290732,1.234147507,1.84343148,0,1.599593698,1.433428439,1.557374103,0,0.825116805,1.499202082,1.094292628,0,1.214098359,1.14561472,1.091643619,0,-0.0102565,0,0,0.015873349,0.034486176,0.017094433,0,-0.00896867
210,1.099235148,1.607915842,1.666596326,1.59954061,0.00836825,1.642695134,1.449066373,-0.00851069,1.119116269,1.326780234,1.622746094,0.00836825,1.167812823,1.290984181,1.441864212,0,1.553535135,1.078523224,1.050853702,-0.041499731,1.649166799,0.978166136,1.048707642,0,0.982158157,1.266115131,1.905324869,0,1.651010645,1.491558347,1.623004012,0,0.841933041,1.541887002,1.13667185,0,1.28998811,1.180775888,1.130057121,0,-0.0102565,0.008163311,0,0.076961041,0.025975486,0.017094433,0,-0.00896867
225,1.110380774,1.651141647,1.706529037,1.642227735,0.00836825,1.691040161,1.492568081,0,1.225767464,1.397344197,1.683204063,0.00836825,1.222491852,1.347679525,1.480792523,0,1.621980286,1.128395054,1.103949701,-0.041499731,1.703545928,1.017386849,1.099437031,0,1.041140935,1.28988949,1.954799096,0,1.692427608,1.542373682,1.685495203,0,0.859528803,1.586965057,1.177327856,0,1.375170776,1.212850478,1.162499556,0,-0.0102565,0.008163311,0,0.023716527,-0.00881063,0.025533302,0,-0.00896867
240,1.1128408,1.689773061,1.740810113,1.680348137,0.00836825,1.734601055,1.532104709,0,1.401711625,1.46428368,1.733474612,0.00836825,1.271718793,1.404126837,1.521387034,0,1.683337819,1.173685813,1.149293775,-0.041499731,1.752068748,1.054453549,1.14456959,0,1.095059887,1.316050316,2.005005719,0,1.732918969,1.592303537,1.74430987,0,0.874740216,1.626794823,1.215756551,0,1.452628835,1.242703442,1.195814617,0,-0.020619287,0,0,-0.040821995,-0.035718083,0.033901552,0,-0.00896867
255,1.110380774,1.722902384,1.771289953,1.711611537,0.00836825,1.775525346,1.563898274,0,1.529489362,1.523153544,1.786963297,0,1.318635713,1.456675158,1.559647248,-0.00836825,1.734315463,1.215599463,1.193366295,-0.041499731,1.795423819,1.089544869,1.190014452,-0.008658063,1.146219721,1.335231375,2.044755984,0,1.768358539,1.638359258,1.797434393,0,0.890236394,1.659990192,1.247824687,0,1.522587424,1.269307187,1.226223413,-0.00851069,-0.020619287,0.008163311,0,-0.066139803,-0.035718083,0.017094433,-0.009216655,-0.00896867
270,1.104204102,1.756283321,1.802162684,1.744577859,0.016667052,1.815626951,1.602102101,0,1.671855542,1.586055552,1.835448164,0.00836825,1.363449728,1.508277319,1.60154974,0,1.78689328,1.251739602,1.231570122,-0.041499731,1.83275766,1.119665698,1.226973574,0,1.19649813,1.357435533,2.085813245,0,1.805944104,1.680230964,1.847109564,0,0.904485999,1.694595721,1.278296271,0,1.588873933,1.292310266,1.251571783,-0.00851069,-0.020619287,0.008163311,0,-0.008032172,-0.017699577,0.025533302,0,-0.00896867
285,1.084178401,1.781568298,1.828337175,1.771350598,0.00836825,1.847351081,1.631127885,0,1.748462663,1.641797535,1.87510918,0.00836825,1.406341293,1.553348446,1.636914104,0,1.83684421,1.286619059,1.26901292,-0.041499731,1.870785055,1.14522022,1.264014845,0,1.2405304,1.376398733,2.121172214,0,1.836329533,1.721110511,1.89223,0,0.918535402,1.726846767,1.303779131,0,1.647637001,1.313655177,1.273382256,-0.00851069,-0.0102565,0,0,-0.074723546,-0.035718083,0.033901552,0,-0.00896867
300,1.071455584,1.809347862,1.85199955,1.799306675,0.016667052,1.882521185,1.661860137,0,1.851164781,1.698669046,1.920294349,0.00836825,1.44453388,1.596475474,1.668380448,0,1.881464088,1.321596718,1.301989909,-0.041499731,1.902830521,1.169537528,1.299732928,-0.008658063,1.284179165,1.39338079,2.157296543,0,1.865186938,1.75705877,1.933992728,0,0.930914862,1.756347431,1.321180962,0,1.701524882,1.3323156,1.292441452,-0.00851069,-0.020619287,0.008163311,0,-0.049190244,0.017391743,0.017094433,0,-0.00896867
315,1.053367235,1.831516258,1.873309336,1.822837172,0.00836825,1.916496264,1.689225029,-0.00851069,1.917254893,1.744745504,1.954756753,0,1.484150151,1.637819205,1.702147311,0,1.923468815,1.35045694,1.332704854,-0.041499731,1.933880881,1.192690833,1.327678858,0,1.319625914,1.409544935,2.188983643,0,1.895077083,1.792402763,1.972725094,0,0.940221811,1.782173831,1.339415086,0,1.751889578,1.350083974,1.311705504,-0.00851069,-0.020619287,0.008163311,-0.00881063,-0.040821995,-0.044850566,0.008583744,-0.009216655,0
330,1.175342543,1.85439504,1.89358433,1.84582669,0.00836825,1.943145807,1.712869659,-0.00851069,1.969046402,1.78804889,1.991995098,0,1.518169398,1.673976434,1.728489984,0.008298803,1.963098609,1.378507559,1.358975022,-0.041499731,1.960901061,1.210719818,1.356141323,0,1.355231769,1.423872588,2.215986854,0,1.918721713,1.819680065,2.006083757,-0.008438869,0.949925914,1.806244402,1.381433428,0,1.796908432,1.366459886,1.328400383,-0.00851069,-0.020619287,0.008163311,-0.00881063,-0.032523192,-0.026668247,0.008583744,-0.009216655,-0.00896867
345,1.242294479,1.875597248,1.914613142,1.868299546,0.016667052,1.976493572,1.737138385,0,2.023528613,1.83169218,2.024110896,0,1.551729595,1.708871809,1.753538256,0,1.999247123,1.405207454,1.385146914,-0.041499731,1.98539708,1.231256763,1.383195505,-0.008658063,1.390275786,1.436438199,2.244691115,0,1.941234512,1.849882668,2.040903522,-0.008438869,0.960014878,1.827585841,1.408144418,0,1.83576224,1.380438608,1.343191121,-0.00851069,-0.020619287,0.008163311,-0.00881063,-0.049190244,-0.044850566,0.008583744,-0.009216655,-0.00896867
360,1.269970541,1.890635125,1.933508637,1.888560731,0.016667052,2.001610557,1.759117291,-0.00851069,2.067363242,1.872143999,2.055839841,0,1.581640797,1.743253356,1.776766685,0,2.032863734,1.430071412,1.406164444,-0.041499731,2.006941899,1.249164349,1.404688503,-0.008658063,1.41835468,1.448333865,2.268487597,0,1.962678394,1.876838478,2.070868311,-0.008438869,0.967159467,1.847420316,1.4408152,0,1.87112121,1.394224617,1.357766278,-0.00851069,-0.020619287,0.008163311,-0.00881063,-0.016129382,-0.026668247,0.017094433,-0.009216655,-0.00896867
375,1.269970541,1.90488444,1.948707354,1.90504306,0.00836825,2.024837408,1.778381343,-0.00851069,2.107985074,1.905088155,2.081234192,0,1.608814665,1.774567069,1.797694205,0,2.064155399,1.449862842,1.424544243,-0.041499731,2.028032312,1.261840187,1.424538779,-0.008658063,1.447544569,1.460597688,2.291156397,0,1.981986206,1.899048626,2.097568926,-0.008438869,0.975195435,1.864784604,1.454999835,0,1.906588293,1.405222371,1.371074965,-0.00851069,-0.020619287,0.008163311,-0.00881063,-0.083381609,-0.017699577,0.008583744,-0.009216655,-0.00896867
390,1.269445468,1.92004901,1.964778633,1.92125812,0.016667052,2.050027656,1.795627946,-0.00851069,2.133062633,1.938261928,2.105999609,0,1.634662258,1.803059024,1.817032633,0,2.090304654,1.470367855,1.443675737,-0.041499731,2.046982061,1.278136039,1.441663496,0,1.471642121,1.469697852,2.311071707,0,1.999823914,1.918511175,2.122991519,-0.008438869,0.979892485,1.880312867,1.470473066,0,1.937658753,1.415585158,1.38159584,-0.00851069,-0.020619287,-0.008230499,-0.00881063,-0.040821995,-0.044850566,0.008583744,-0.009216655,-0.00896867
405,1.286112521,1.932788036,1.977343672,1.936122143,0.016667052,2.073384588,1.809323038,-0.017094433,2.162088417,1.970370447,2.130734836,0,1.656892071,1.828938472,1.836573485,-0.00836825,2.114030559,1.486690306,1.461384812,-0.050010421,2.064462066,1.293640225,1.460800062,-0.008658063,1.493979301,1.479214578,2.33004549,0,2.01626264,1.936489187,2.144361088,-0.008438869,0.988291974,1.893071396,1.480330218,0,1.964075384,1.425331324,1.392524911,-0.00851069,-0.020619287,-0.008230499,-0.00881063,-0.083381609,-0.044850566,0.008583744,-0.009216655,-0.00896867
420,1.216602987,1.942645728,1.989752787,1.952920153,-0.008438869,2.09680205,1.826583445,-0.017094433,2.18459017,1.998472479,2.150426049,0,1.675727236,1.851789737,1.852944158,-0.00836825,2.137206568,1.5022194,1.477216278,-0.050010421,2.079441542,1.306815647,1.478449253,-0.008658063,1.515244131,1.487653446,2.348123222,0,2.02868516,1.952507204,2.167519423,-0.008438869,0.992002554,1.906670196,1.489605364,0,1.987995568,1.432959126,1.401285596,-0.00851069,-0.020619287,-0.008230499,-0.00881063,-0.066139803,-0.017699577,0,-0.009216655,-0.00896867
435,1.098612289,1.951867383,2.000419555,1.965203352,0.016667052,2.115032487,1.839336009,-0.017094433,2.208460651,2.026977972,2.165904523,-0.008438869,1.695929944,1.874711693,1.869601956,0,2.155930519,1.518034174,1.491769549,-0.050010421,2.093114164,1.319819731,1.494127066,-0.008658063,1.534347461,1.496021696,2.364278662,0,2.040955253,1.9698895,2.185228796,0,0.995238054,1.917120652,1.498313692,0,2.010764676,1.440026293,1.40946142,-0.00851069,-0.020619287,-0.008230499,-0.00881063,-0.074723546,-0.035718083,0.017094433,-0.009216655,-0.00896867
450,1.275206155,1.96314267,2.011498539,1.977337502,0.00836825,2.134080682,1.851406478,-0.017094433,2.212178127,2.050127154,2.184921667,-0.008438869,1.710114579,1.892564168,1.882187621,0,2.175413462,1.532572332,1.503567583,-0.050010421,2.106602364,1.331635949,1.506823897,-0.008658063,1.55252978,1.502374026,2.379651347,0,2.05360031,1.982730768,2.203168934,-0.008438869,1.00351016,1.926482632,1.50742428,-0.008658063,2.030706686,1.447043866,1.416560842,-0.00851069,-0.020619287,-0.008230499,-0.00881063,-0.066139803,-0.044850566,0,-0.009216655,-0.00896867
465,1.198725416,1.965276004,2.02297493,1.987770565,0.00836825,2.14827337,1.863332987,-0.017094433,2.219571876,2.072193113,2.199348848,0,1.7257661,1.912903853,1.89729854,-0.00836825,2.191816235,1.546902158,1.513714803,-0.050010421,2.118323329,1.340787004,1.520985353,-0.008658063,1.568172557,1.509653845,2.392716597,0,2.062980265,1.993307281,2.218673121,-0.008438869,1.006708701,1.935757778,1.514558674,0,2.050258775,1.45351638,1.423610216,-0.00851069,-0.020619287,-0.008230499,-0.00881063,-0.074723546,-0.054067221,0,-0.009216655,-0.00896867
480,1.206586209,1.974820085,2.02866411,1.99758216,0.00836825,2.16448843,1.871035208,-0.017094433,2.209701346,2.092138372,2.208852615,-0.008438869,1.740083525,1.930642677,1.909013264,0,2.207954294,1.559023518,1.522259716,-0.050010421,2.130431927,1.349353446,1.536015159,-0.008658063,1.585210617,1.516400858,2.405613346,0,2.072786795,2.00533357,2.230800873,-0.008438869,1.016243393,1.943984294,1.52117183,0,2.0694359,1.458466886,1.430610245,-0.00851069,-0.020619287,-0.008230499,-0.00881063,-0.049190244,0.00873368,0,-0.009216655,-0.018018506
495,1.029619417,1.973764119,2.041474944,2.007298421,0.00836825,2.177164268,1.877662813,-0.017094433,2.198479283,2.109000344,2.221385416,0,1.753659623,1.943743301,1.92111549,-0.00836825,2.221732996,1.570007153,1.529242288,-0.050010421,2.140325264,1.358344515,1.546614092,-0.008658063,1.600354227,1.522148001,2.417839682,0,2.079951616,2.012583731,2.2438185,-0.008438869,1.028370198,1.95022981,1.527273703,0,2.087703775,1.463393004,1.435084525,-0.00851069,-0.020619287,-0.008230499,-0.00881063,-0.074723546,-0.054067221,-0.008658063,-0.009216655,-0.018018506
510,1.2804145,1.973235717,2.04553999,2.015912612,0.016667052,2.189140459,1.886263928,-0.017094433,2.192189954,2.121329634,2.228109,-0.008438869,1.767053876,1.95988136,1.93410606,0,2.234805078,1.580380178,1.535682736,-0.050010421,2.149608467,1.364788156,1.557623377,-0.008658063,1.614742965,1.526436785,2.427915334,0,2.088077613,2.021828789,2.255646871,-0.008438869,1.034600748,1.957388037,1.532873344,0,2.102405919,1.467805857,1.440032581,-0.00851069,-0.020619287,-0.008230499,-0.00881063,-0.057629113,-0.044850566,-0.008658063,-0.009216655,-0.018018506
525,1.317134587,1.969529068,2.052110648,2.02345223,0.00836825,2.200440014,1.890787686,-0.017094433,2.218957814,2.135086465,2.239894942,-0.008438869,1.779745744,1.972079867,1.943355869,-0.016807118,2.246682315,1.590160207,1.541100134,-0.050010421,2.157279177,1.369224939,1.569028374,-0.008658063,1.627361429,1.530233657,2.437890479,0,2.09613811,2.029975473,2.263793556,-0.008438869,1.037259145,1.962605028,1.53612538,0,2.116895037,1.472686296,1.443973473,-0.00851069,-0.020619287,-0.008230499,-0.00881063,-0.049190244,-0.044850566,0,-0.009216655,-0.018018506
540,1.30402956,1.973235717,2.056132775,2.028447246,0.00836825,2.211613315,1.897784216,-0.017094433,2.239025377,2.14710019,2.246495626,-0.008438869,1.792278545,1.98465206,1.953534074,-0.016807118,2.256896909,1.59598264,1.545999703,-0.050010421,2.166407029,1.372662212,1.580304762,-0.008658063,1.63930652,1.534959564,2.446783819,0,2.101642252,2.037553181,2.273382325,-0.008438869,1.039027492,1.96826542,1.539366874,-0.008658063,2.131177216,1.477058419,1.447409059,-0.00851069,-0.020619287,-0.008230499,-0.00881063,-0.024292693,-0.044850566,0,-0.009216655,-0.018018506
555,1.308080199,1.99725776,2.059638914,2.034903687,0,2.221092059,1.904732135,-0.017094433,2.190927327,2.156916854,2.253053027,-0.008438869,1.803630576,1.996039346,1.963108347,-0.016807118,2.267008218,1.602252253,1.548927963,-0.050010421,2.176452317,1.376087711,1.584881429,-0.008658063,1.65008968,1.537784424,2.455111077,0,2.107612419,2.045573274,2.28138637,-0.008438869,1.040792718,1.972958061,1.542136959,-0.008658063,2.144740283,1.479962584,1.451808968,-0.00851069,-0.020619287,-0.008230499,-0.00881063,-0.074723546,0.017391743,0,-0.009216655,-0.018018506
570,1.361695202,2.055390358,2.065620986,2.039841969,0.00836825,2.231000875,1.916042804,-0.017094433,2.240829889,2.165619238,2.260067084,-0.008438869,1.813839956,2.008315715,1.971597787,-0.016807118,2.277516196,1.609437912,1.552819018,-0.050010421,2.183424457,1.379501516,1.593469509,-0.008658063,1.66126298,1.542006809,2.463369565,0,2.114532861,2.052538476,2.290315,-0.008438869,1.041674163,1.976229857,1.544439515,0,2.155562341,1.482858339,1.454731523,-0.00851069,-0.020619287,-0.008230499,-0.00881063,-0.049190244,-0.00881063,-0.008658063,-0.009216655,-0.018018506
585,1.385359345,2.083236613,2.064626456,2.044265667,0.00836825,2.239269656,1.926259385,-0.017094433,2.277991346,2.174751721,2.266536377,-0.008438869,1.822940119,2.018432139,1.976063187,-0.00836825,2.284954862,1.613724654,1.555243262,-0.050010421,2.190841055,1.383873639,1.599487582,-0.008658063,1.66981219,1.54621144,2.469158293,0,2.120426788,2.060439752,2.296714235,-0.008438869,1.042994877,1.980420782,1.544899391,0,2.167282221,1.484303078,1.456675158,-0.017094433,-0.020619287,-0.008230499,-0.00881063,-0.057629113,-0.044850566,0,-0.009216655,-0.018018506
600,1.4002157,2.097341219,2.06611788,2.045735896,0,2.247980959,1.935893371,-0.017094433,2.231167978,2.183300931,2.272471113,-0.008438869,1.830960213,2.029443262,1.983461495,-0.016807118,2.292828918,1.618466247,1.558144618,-0.041499731,2.197224577,1.384842631,1.604972512,-0.008658063,1.677295388,1.54853973,2.47730205,0,2.128231706,2.065346533,2.302585093,-0.008438869,1.043434727,1.983668292,1.54167581,0,2.17786433,1.486706347,1.460551132,-0.00851069,-0.020619287,-0.008230499,-0.00881063,-0.057629113,0.00873368,-0.008658063,-0.009216655,-0.018018506
615,1.41485457,2.110328414,2.064626456,2.04524606,-0.016949558,2.252562285,1.942582359,-0.017094433,2.213414221,2.189789599,2.277389962,0,1.83643695,2.035398614,1.987384992,-0.016807118,2.299668222,1.621772035,1.559592145,-0.050010421,2.202594373,1.388709238,1.609437912,-0.008658063,1.684723003,1.550862612,2.482536419,0,2.132595349,2.073147645,2.308906534,-0.008438869,1.043874384,1.986905289,1.535197305,-0.008658063,2.187839475,1.488624813,1.461034574,-0.017094433,-0.031090587,-0.008230499,-0.00881063,-0.066139803,-0.035718083,-0.008658063,-0.009216655,-0.018018506
630,1.415762423,2.118589131,2.061137791,2.04524606,-0.008438869,2.260151495,1.959579935,-0.017094433,2.234197365,2.195741997,2.28326082,0.00836825,1.843857217,2.043775111,1.992754787,-0.016807118,2.305977391,1.624596895,1.561037581,-0.050010421,2.207451109,1.390636949,1.614868684,-0.008658063,1.69013507,1.55271704,2.488215563,0,2.136458222,2.078475825,2.315188265,-0.008438869,1.043434727,1.988750308,1.532873344,-0.008658063,2.197224577,1.489582668,1.462483499,-0.017094433,-0.031090587,-0.008230499,-0.00881063,-0.049190244,-0.00881063,0,-0.009216655,-0.018018506
645,1.410302901,2.124513049,2.054123734,2.046714848,-0.008438869,2.265680536,1.987282538,-0.017094433,2.286065207,2.203133014,2.288612329,0.00836825,1.848773647,2.050621103,1.998580047,-0.016807118,2.312727658,1.62881928,1.562961583,-0.050010421,2.213729806,1.39448126,1.619780285,-0.008658063,1.696493615,1.55549225,2.493862637,0,2.142224697,2.08233311,2.319993656,-0.008438869,1.044313848,1.991511469,1.53054397,-0.008658063,2.203595586,1.490539605,1.46489372,-0.017094433,-0.031090587,-0.008230499,-0.00881063,-0.092115289,-0.035718083,0,-0.009216655,-0.018018506
660,1.382079885,2.130402081,2.047566333,2.043284313,-0.008438869,2.271677556,1.997250903,-0.017094433,2.355402649,2.209006746,2.291035398,-0.008438869,1.854153949,2.054997478,2.000031075,-0.016807118,2.316564593,1.629287335,1.56440216,-0.050010421,2.217094385,1.395440033,1.623204108,-0.008658063,1.70232737,1.558259779,2.499011256,0,2.145573181,2.085696073,2.32572981,-0.008438869,1.043874384,1.993348017,1.527273703,-0.008658063,2.210411582,1.491017731,1.465856184,-0.017094433,-0.031090587,-0.008230499,-0.00881063,-0.008032172,-0.044850566,-0.008658063,-0.009216655,-0.018018506
675,1.400676423,2.134458882,2.028148247,2.044265667,-0.008438869,2.275655681,2.003543059,-0.017094433,2.368182375,2.213875305,2.295863992,-0.008438869,1.856103267,2.059837758,2.002926829,-0.016807118,2.321340151,1.632557602,1.565361392,-0.050010421,2.221403705,1.398310848,1.628560829,-0.008658063,1.70668046,1.560100553,2.502739126,0,2.14891049,2.089525661,2.330010435,-0.008438869,1.043874384,1.996553882,1.522113007,-0.008658063,2.216217113,1.492927951,1.466817722,-0.017094433,-0.031090587,-0.008230499,-0.00881063,-0.092115289,-0.026668247,0,-0.018519048,-0.018018506
690,1.417122659,2.138051162,1.994566918,2.047692843,-0.008438869,2.278133997,2.008013339,-0.017094433,2.314937861,2.219686459,2.298749997,-0.008438869,1.858534584,2.063693185,2.004852685,-0.016807118,2.323719405,1.637675083,1.564881891,-0.050010421,2.225218683,1.399743171,1.631954772,-0.017391743,1.711495106,1.559640677,2.506916435,0,2.15271097,2.091434969,2.334272814,-0.008438869,1.044753119,1.997924684,1.518342974,-0.008658063,2.221509404,1.492450738,1.467778337,-0.017094433,-0.031090587,-0.016529302,-0.00881063,-0.057629113,0.00873368,-0.008658063,-0.009216655,-0.018018506
705,1.422094421,2.139842475,1.921525612,2.094012892,-0.008438869,2.283564768,2.01157523,-0.017094433,2.357543977,2.223541886,2.30210651,-0.008438869,1.860960003,2.067533804,2.0072548,-0.016807118,2.328933923,1.637675083,1.565361392,-0.050010421,2.227120729,1.399743171,1.633889008,-0.008658063,1.713893764,1.559180589,2.511076368,0,2.155551881,2.095242684,2.336632975,-0.008438869,1.043434727,1.99929361,1.514084628,-0.008658063,2.226296392,1.492927951,1.467778337,-0.017094433,-0.031090587,-0.016529302,-0.00881063,-0.024292693,0.051293294,0,-0.009216655,-0.018018506
720,1.420289366,2.142523442,2.051606743,2.113422004,-0.008438869,2.290923153,2.013794987,-0.017094433,2.394293519,2.228340359,2.30497458,-0.008438869,1.863862763,2.071359729,2.010129742,-0.025317808,2.332709293,1.639529511,1.565840664,-0.050010421,2.22996703,1.403077301,1.637746294,-0.008658063,1.72010348,1.560560217,2.514299948,0,2.157441348,2.098562583,2.340397686,-0.008438869,1.042554833,2.000660664,1.510759999,-0.008658063,2.232485415,1.492927951,1.468258299,-0.017094433,-0.031090587,-0.008230499,-0.00881063,-0.049190244,-0.035718083,-0.008658063,-0.009216655,-0.018018506
735,1.420740936,2.142969571,2.113653503,2.124798691,0,2.297256914,2.016009828,-0.025752496,2.396353252,2.231685643,2.308785924,-0.008438869,1.867238701,2.074695448,2.012996442,-0.025317808,2.336470463,1.640455437,1.567277102,-0.050010421,2.233749541,1.404027872,1.641588758,-0.008658063,1.724380037,1.561478913,2.517971362,0,2.160268871,2.101399464,2.343680221,-0.016949558,1.041674163,2.002025852,1.510284149,-0.008658063,2.234855646,1.493881695,1.467778337,-0.017094433,-0.031090587,-0.016529302,-0.00881063,-0.083381609,0,-0.008658063,-0.018519048,-0.018018506
750,1.421643463,2.14519724,2.136599956,2.130663811,-0.008438869,2.300650856,2.016009828,-0.025752496,2.344626682,2.235970344,2.311634929,0,1.869162703,2.078494123,2.013950186,-0.025317808,2.338345757,1.640918078,1.567277102,-0.050010421,2.236106365,1.404027872,1.644938844,-0.017391743,1.728166128,1.560560217,2.520259169,0,2.163088422,2.101399464,2.346018309,-0.016949558,1.041233538,2.004297031,1.505513147,-0.008658063,2.240050462,1.493404937,1.467778337,-0.017094433,-0.031090587,-0.016529302,-0.00881063,-0.074723546,0,-0.017391743,-0.018519048,-0.018018506
765,1.421643463,2.146531463,2.150393278,2.135599876,0,2.313157032,2.017336381,-0.017094433,2.334828019,2.239290243,2.314002914,0,1.869643126,2.079914914,2.014903021,-0.025317808,2.342552353,1.641380506,1.568233582,-0.050010421,2.238457647,1.40734777,1.648277746,-0.017391743,1.732408416,1.559180589,2.522997646,0,2.16543199,2.101871497,2.348816819,-0.008438869,1.040351703,2.004297031,1.504556209,-0.008658063,2.244280786,1.492927951,1.467298145,-0.017094433,-0.031090587,-0.016529302,-0.017699577,-0.066139803,-0.026668247,-0.008658063,-0.018519048,-0.018018506
780,1.421643463,2.147419957,2.156765625,2.137388786,-0.016949558,2.33864213,2.017778175,-0.025752496,2.378708788,2.243070965,2.315421019,-0.008438869,1.871083011,2.08133369,2.016805971,-0.025317808,2.344416287,1.643228082,1.568711479,-0.050010421,2.240803414,1.407821143,1.650655868,-0.008658063,1.737101057,1.55872029,2.526183086,0,2.166367881,2.105639754,2.35067815,-0.016949558,1.039469091,2.005657267,1.504077397,-0.008658063,2.245686926,1.494358226,1.468258299,-0.017094433,-0.031090587,-0.016529302,-0.017699577,-0.049190244,0.017391743,-0.017391743,-0.018519048,-0.027150989
795,1.423446077,2.147863908,2.162195503,2.138282042,-0.016949558,2.353902542,2.018219773,-0.025752496,2.367653135,2.245426679,2.317780067,-0.008438869,1.872999638,2.084165216,2.018230811,-0.025317808,2.344416287,1.642766508,1.568711479,-0.050010421,2.242208238,1.409239918,1.653028349,-0.008658063,1.749662283,1.558259779,2.527998793,0,2.16823704,2.107987724,2.352071879,-0.016949558,1.040351703,2.005657267,1.502159851,-0.008658063,2.252688122,1.492927951,1.466817722,-0.017094433,-0.031090587,-0.016529302,-0.00881063,-0.049190244,-0.035718083,-0.017391743,-0.018519048,-0.027150989
810,1.424795908,2.147863908,2.16579911,2.140066163,-0.016949558,2.361218532,2.017778175,-0.025752496,2.375562483,2.248715383,2.31872213,-0.008438869,1.872999638,2.086518712,2.016805971,-0.025317808,2.349524262,1.645532761,1.569189148,-0.050010421,2.242208238,1.410656684,1.65444914,-0.017391743,1.762980505,1.557799056,2.529811208,0,2.169636621,2.109393864,2.354853522,-0.016949558,1.039910495,2.005657267,1.500719274,-0.008658063,2.255938647,1.492450738,1.467298145,-0.017094433,-0.031090587,-0.016529302,-0.017699577,-0.083381609,-0.044850566,-0.017391743,-0.018519048,-0.027150989
825,1.427490118,2.14875122,2.168044788,2.141402169,-0.016949558,2.366217407,2.017778175,-0.025752496,2.377661119,2.251525689,2.31872213,-0.008438869,1.873956576,2.086988747,2.018230811,-0.025317808,2.355987811,1.645532761,1.568711479,-0.050010421,2.245478505,1.409712397,1.65728468,-0.017391743,1.773418539,1.556415611,2.531168368,0,2.170568587,2.109393864,2.356703661,-0.016949558,1.039469091,2.006110269,1.503598355,-0.008658063,2.256865431,1.492450738,1.467298145,-0.017094433,-0.031090587,-0.016529302,-0.017699577,-0.066139803,-0.00881063,0,-0.018519048,-0.027150989
840,1.428386577,2.149637745,2.169837707,2.142291849,-0.016949558,2.370740255,2.017778175,-0.025752496,2.376612352,2.251525689,2.320133563,-0.008438869,1.874912599,2.087928156,2.01775609,-0.025317808,2.366516634,1.643228082,1.569189148,-0.050010421,2.245478505,1.412542587,1.656340393,-0.017391743,1.779270458,1.555954037,2.533426215,-0.008583744,2.171034245,2.112200227,2.358089022,-0.016949558,1.039469091,2.005204061,1.504077397,-0.008658063,2.260102428,1.491495628,1.466817722,-0.017094433,-0.031090587,-0.016529302,-0.017699577,-0.092115289,-0.054067221,-0.008658063,-0.018519048,-0.027150989
855,1.428834505,2.14919458,2.169837707,2.142291849,-0.016949558,2.371642375,2.018219773,-0.025752496,2.383930732,2.252460706,2.321073413,-0.008438869,1.874912599,2.088866682,2.016330573,-0.025317808,2.371966239,1.642304721,1.568233582,-0.050010421,2.247342438,1.41160008,1.655395214,-0.017391743,1.784642001,1.554568035,2.534327928,-0.008583744,2.171499686,2.11406677,2.361314089,-0.016949558,1.039910495,2.004297031,1.504077397,-0.008658063,2.263789068,1.491017731,1.466817722,-0.017094433,-0.031090587,-0.016529302,-0.017699577,-0.057629113,-0.026668247,-0.017391743,-0.018519048,-0.027150989
870,1.428834505,2.149637745,2.171180289,2.143624886,-0.016949558,2.371642375,2.019102386,-0.025752496,2.390161282,2.25432812,2.322481533,-0.008438869,1.874434702,2.088397529,2.015854948,-0.025317808,2.376484999,1.642304721,1.568711479,-0.050010421,2.247342438,1.412071445,1.654922288,-0.017391743,1.787762129,1.554568035,2.53657866,-0.008583744,2.173823647,2.114998736,2.362233629,-0.016949558,1.039910495,2.004297031,1.504077397,-0.008658063,2.268836108,1.491017731,1.466817722,-0.017094433,-0.031090587,-0.016529302,-0.017699577,-0.083381609,-0.035718083,-0.008658063,-0.018519048,-0.027150989
885,1.42972976,2.14919458,2.172521071,2.143180738,-0.016949558,2.372994031,2.018219773,-0.025752496,2.395838717,2.255726396,2.32341918,-0.008438869,1.873956576,2.089804329,2.016805971,-0.025317808,2.379636026,1.64184272,1.569189148,-0.050010421,2.248738112,1.415834384,1.655867915,-0.017391743,1.791316109,1.554105607,2.538824338,0,2.175215436,2.114998736,2.364987187,-0.016949558,1.039469091,2.003389178,1.491547112,-0.008658063,2.273857803,1.491495628,1.467298145,-0.017094433,-0.031090587,-0.016529302,-0.017699577,-0.057629113,-0.035718083,-0.008658063,-0.018519048,-0.027150989
900,1.428834505,2.149637745,2.173413929,2.142736392,-0.016949558,2.372994031,2.017336381,-0.025752496,2.400972198,2.256192053,2.324355948,-0.008438869,1.873956576,2.090272823,2.018705306,-0.025317808,2.381432165,1.64184272,1.569189148,-0.050010421,2.248273104,1.418179051,1.655867915,-0.017391743,1.793973329,1.553642966,2.539272869,-0.008583744,2.175215436,2.116395059,2.365445377,-0.016949558,1.039027492,2.004297031,1.488633074,-0.008658063,2.279760204,1.491017731,1.466817722,-0.017094433,-0.031090587,-0.016529302,-0.017699577,-0.040821995,-0.035718083,-0.017391743,-0.018519048,-0.027150989
915,1.429282233,2.149637745,2.173413929,2.143624886,-0.016949558,2.372994031,2.018219773,-0.025752496,2.410146575,2.257587727,2.324824003,-0.008438869,1.874434702,2.091676988,2.018230811,-0.025317808,2.382777155,1.641380506,1.570143802,-0.050010421,2.248738112,1.418647326,1.655395214,-0.008658063,1.795740895,1.551790255,2.540617257,-0.008583744,2.17660529,2.116860068,2.366361128,-0.016949558,1.038585699,2.004750649,1.492031961,-0.008658063,2.283826169,1.491973297,1.467298145,-0.017094433,-0.031090587,-0.016529302,-0.017699577,-0.057629113,-0.00881063,-0.017391743,-0.018519048,-0.027150989
930,1.429282233,2.149637745,2.174305989,2.143624886,-0.016949558,2.372994031,2.018661177,-0.025752496,2.412680146,2.258517095,2.32529184,-0.008438869,1.874912599,2.092612005,2.01775609,-0.025317808,2.384120338,1.640918078,1.569189148,-0.050010421,2.249202904,1.420050835,1.654922288,-0.017391743,1.797064521,1.551790255,2.541064985,-0.008583744,2.177530788,2.119645585,2.368646844,-0.016949558,1.038585699,2.004750649,1.491547112,-0.008658063,2.287426533,1.491017731,1.466817722,-0.025752496,-0.031090587,-0.016529302,-0.017699577,-0.049190244,0.017391743,-0.008658063,-0.018519048,-0.027150989
945,1.428834505,2.150080713,2.174751721,2.144068837,-0.016949558,2.372994031,2.018661177,-0.025752496,2.417224461,2.25990953,2.325759457,-0.008438869,1.873956576,2.092144606,2.01775609,-0.025317808,2.384567665,1.640918078,1.569189148,-0.050010421,2.249202904,1.420985414,1.653975767,-0.017391743,1.797945967,1.551326541,2.541512512,-0.008583744,2.178455429,2.120109084,2.369559669,-0.016949558,1.037701525,2.004297031,1.491547112,-0.008658063,2.291908835,1.490539605,1.466337069,-0.017094433,-0.041672696,-0.016529302,-0.017699577,-0.057629113,-0.044850566,-0.008658063,-0.018519048,-0.027150989
960,1.427041586,2.150080713,2.174751721,2.143624886,-0.016949558,2.37209313,2.019102386,-0.025752496,2.423752227,2.260836744,2.325759457,-0.008438869,1.874434702,2.092144606,2.01775609,-0.025317808,2.384567665,1.639992581,1.569666589,-0.050010421,2.25013184,1.419583217,1.653028349,-0.017391743,1.797505341,1.550398467,2.541959839,-0.008583744,2.179379217,2.122423364,2.370927346,-0.016949558,1.03814371,2.004297031,1.491062029,-0.008658063,2.294142475,1.490539605,1.465856184,-0.025752496,-0.041672696,-0.016529302,-0.017699577,-0.083381609,-0.00881063,-0.017391743,-0.018519048,-0.027150989
975,1.426592854,2.150080713,2.175197255,2.143624886,-0.016949558,2.372543682,2.019102386,-0.025752496,2.429740268,2.260836744,2.325759457,-0.008438869,1.874912599,2.092612005,2.016805971,-0.025317808,2.384120338,1.639066226,1.569666589,-0.050010421,2.249202904,1.422385648,1.652554303,-0.017391743,1.798386399,1.54946953,2.542406966,-0.008583744,2.179379217,2.123347579,2.372748011,-0.016949558,1.036816569,2.003843208,1.491062029,-0.008658063,2.297705953,1.490539605,1.466337069,-0.025752496,-0.041672696,-0.016529302,-0.017699577,-0.074723546,-0.026668247,-0.008658063,-0.018519048,-0.027150989
990,1.425694785,2.149637745,2.175197255,2.143624886,-0.016949558,2.37209313,2.018661177,-0.025752496,2.432720897,2.262688596,2.326694037,-0.008438869,1.874912599,2.093079185,2.015854948,-0.025317808,2.384567665,1.638602726,1.570143802,-0.050010421,2.250595985,1.422851957,1.652554303,-0.017391743,1.797945967,1.549004738,2.54374715,-0.008583744,2.181224236,2.126575619,2.374111338,-0.016949558,1.03593083,2.003389178,1.490091155,-0.008658063,2.299482941,1.490539605,1.466337069,-0.025752496,-0.041672696,-0.016529302,-0.017699577,-0.066139803,0,-0.017391743,-0.018519048,-0.027150989
1005,1.425245448,2.149637745,2.175197255,2.143624886,-0.016949558,2.372543682,2.018219773,-0.025752496,2.439148607,2.262225954,2.326226856,-0.016949558,1.873956576,2.094012892,2.01775609,-0.025317808,2.384567665,1.638139012,1.570620788,-0.050010421,2.24966748,1.425180247,1.652080032,-0.017391743,1.798826636,1.548074506,2.54374715,-0.008583744,2.181684959,2.127955882,2.375926221,-0.016949558,1.035487666,2.003389178,1.488633074,-0.008658063,2.302142517,1.491017731,1.467298145,-0.025752496,-0.041672696,-0.016529302,-0.017699577,-0.083381609,-0.026668247,-0.017391743,-0.018519048,-0.027150989
1020,1.424795908,2.150523484,2.175197255,2.143624886,-0.016949558,2.37209313,2.018219773,-0.025752496,2.445535266,2.263151024,2.32529184,-0.016949558,1.873956576,2.092612005,2.016805971,-0.025317808,2.384567665,1.637675083,1.569666589,-0.050010421,2.249202904,1.424715022,1.650180696,-0.017391743,1.799706531,1.547143407,2.54374715,-0.008583744,2.181224236,2.130252094,2.379094361,-0.016949558,1.034600748,2.003389178,1.487172865,-0.008658063,2.302585093,1.490539605,1.466817722,-0.025752496,-0.041672696,-0.024897552,-0.017699577,-0.066139803,0.017391743,-0.017391743,-0.018519048,-0.027150989
1035,1.423896223,2.150523484,2.175197255,2.144068837,-0.016949558,2.372994031,2.017336381,-0.025752496,2.448957416,2.262688596,2.325759457,-0.008438869,1.873478222,2.092144606,2.015854948,-0.025317808,2.384567665,1.637210938,1.569666589,-0.050010421,2.249202904,1.423783923,1.650655868,-0.026202372,1.800585652,1.54621144,2.54374715,-0.008583744,2.183525733,2.132543046,2.384951553,-0.016949558,1.034600748,2.002934943,1.491062029,-0.008658063,2.304795039,1.490061251,1.465856184,-0.025752496,-0.041672696,-0.024897552,-0.017699577,-0.083381609,-0.017699577,-0.008658063,-0.018519048,-0.036367644
1050,1.422995728,2.15096606,2.176532666,2.143624886,-0.008438869,2.372543682,2.017336381,-0.025752496,2.451881394,2.263613238,2.326226856,-0.008438869,1.873956576,2.092612005,2.016330573,-0.025317808,2.384120338,1.636746577,1.570143802,-0.050010421,2.248273104,1.426110047,1.650655868,-0.026202372,1.801024923,1.545278605,2.543300622,-0.008583744,2.184444851,2.133915102,2.389433855,-0.016949558,1.034156993,2.003389178,1.487172865,-0.008658063,2.306118666,1.490061251,1.467298145,-0.025752496,-0.041672696,-0.024897552,-0.017699577,-0.032523192,-0.017699577,-0.017391743,-0.018519048,-0.027150989
1065,1.422545176,2.150080713,2.176532666,2.144512591,-0.016949558,2.371642375,2.018219773,-0.025752496,2.454796848,2.263613238,2.326694037,-0.008438869,1.873478222,2.092144606,2.018230811,-0.025317808,2.383672811,1.636746577,1.569666589,-0.050010421,2.248273104,1.431208551,1.651130815,-0.026202372,1.801024923,1.544344898,2.544193479,-0.008583744,2.184904093,2.135741586,2.395230973,-0.016949558,1.033713042,2.002025852,1.482779399,-0.008658063,2.307000111,1.490061251,1.467778337,-0.025752496,-0.041672696,-0.024897552,-0.017699577,-0.032523192,-0.026668247,-0.008658063,-0.027908788,-0.027150989
1080,1.421643463,2.150523484,2.176087727,2.144512591,-0.016949558,2.373444177,2.017336381,-0.034486176,2.457703827,2.264075238,2.327160999,-0.008438869,1.873956576,2.092144606,2.016805971,-0.025317808,2.384567665,1.636282001,1.569666589,-0.050010421,2.248738112,1.430746124,1.648753823,-0.026202372,1.801902886,1.542942701,2.544639609,-0.008583744,2.184444851,2.138929929,2.397007961,-0.016949558,1.033268894,2.002934943,1.479839662,-0.008658063,2.307880781,1.490539605,1.468258299,-0.025752496,-0.041672696,-0.024897552,-0.017699577,-0.127833372,-0.044850566,-0.008658063,-0.027908788,-0.036367644
1095,1.421192301,2.15096606,2.176532666,2.144512591,-0.008438869,2.372543682,2.017336381,-0.034486176,2.458670945,2.264998599,2.32809427,-0.008438869,1.873478222,2.090741097,2.015854948,-0.033901552,2.384120338,1.635817209,1.570143802,-0.050010421,2.247342438,1.431670765,1.649705298,-0.026202372,1.801902886,1.542474864,2.544193479,-0.008583744,2.185821945,2.141654726,2.399224766,-0.016949558,1.032824548,2.002480501,1.481310611,-0.008658063,2.308320825,1.490539605,1.468258299,-0.025752496,-0.041672696,-0.024897552,-0.017699577,-0.066139803,0.017391743,-0.008658063,-0.027908788,-0.036367644
1110,1.420289366,2.15096606,2.176532666,2.144512591,-0.016949558,2.372994031,2.017336381,-0.034486176,2.460119871,2.264075238,2.32809427,-0.008438869,1.873478222,2.089335615,2.015379098,-0.033901552,2.384120338,1.634886977,1.570143802,-0.050010421,2.247807879,1.430283482,1.647801442,-0.017391743,1.802341579,1.541070041,2.543300622,-0.008583744,2.186738956,2.143014346,2.402320059,-0.016949558,1.031935264,2.001570996,1.480330218,-0.008658063,2.308760675,1.490061251,1.468258299,-0.025752496,-0.041672696,-0.024897552,-0.017699577,-0.074723546,0.025975486,-0.017391743,-0.027908788,-0.036367644
1125,1.419385616,2.150523484,2.17742195,2.144512591,-0.008438869,2.37209313,2.016452208,-0.034486176,2.46060238,2.264537025,2.328560579,-0.016949558,1.872999638,2.091209152,2.015379098,-0.033901552,2.383225083,1.634421536,1.570620788,-0.050010421,2.247342438,1.430283482,1.647801442,-0.017391743,1.803656503,1.539663241,2.54374715,-0.008583744,2.186738956,2.146630986,2.403202671,-0.016949558,1.031045188,2.002025852,1.479348864,-0.008658063,2.309639796,1.490539605,1.46873803,-0.025752496,-0.041672696,-0.024897552,-0.017699577,-0.083381609,-0.044850566,-0.017391743,-0.027908788,-0.036367644
1140,1.418481048,2.150523484,2.176977407,2.144068837,-0.016949558,2.37209313,2.016452208,-0.034486176,2.461084656,2.265921109,2.329492546,-0.016949558,1.872999638,2.090741097,2.014903021,-0.033901552,2.382777155,1.634421536,1.570143802,-0.050010421,2.247342438,1.432594553,1.646848153,-0.017391743,1.803218387,1.539663241,2.543300622,-0.008583744,2.187197146,2.149784852,2.404965563,-0.016949558,1.030599853,2.002480501,1.475413788,-0.008658063,2.309639796,1.490539605,1.46873803,-0.025752496,-0.041672696,-0.024897552,-0.017699577,-0.057629113,-0.054067221,-0.008658063,-0.027908788,-0.036367644
1155,1.418028457,2.15096606,2.176977407,2.144068837,-0.016949558,2.372543682,2.016009828,-0.034486176,2.459637129,2.266382044,2.329026671,-0.016949558,1.873478222,2.090741097,2.014426717,-0.033901552,2.382777155,1.634421536,1.570620788,-0.050010421,2.247342438,1.432594553,1.646371167,-0.017391743,1.803656503,1.539193868,2.542853894,-0.008583744,2.188570458,2.149784852,2.404965563,-0.025533302,1.03015432,2.002480501,1.470968238,-0.008658063,2.31095703,1.490539605,1.46873803,-0.025752496,-0.041672696,-0.024897552,-0.026668247,-0.040821995,-0.044850566,-0.026202372,-0.027908788,-0.036367644
1170,1.417575661,2.150523484,2.177866296,2.144512591,0,2.37209313,2.016009828,-0.034486176,2.459154154,2.266842768,2.329492546,-0.016949558,1.873478222,2.090272823,2.015379098,-0.033901552,2.382777155,1.633955878,1.571097546,-0.050010421,2.24687678,1.433056127,1.646848153,-0.017391743,1.804094427,1.537314168,2.542853894,-0.008583744,2.18902781,2.152031539,2.405405801,-0.025533302,1.029708587,2.001570996,1.468489922,-0.008658063,2.310518145,1.491017731,1.469696803,-0.025752496,-0.041672696,-0.024897552,-0.017699577,-0.074723546,0.051293294,-0.017391743,-0.027908788,-0.036367644
1185,1.417575661,2.150523484,2.177866296,2.144512591,-0.016949558,2.37209313,2.016009828,-0.034486176,2.458670945,2.268223665,2.329492546,-0.016949558,1.873478222,2.090272823,2.014903021,-0.033901552,2.381880696,1.633955878,1.570620788,-0.050010421,2.247342438,1.433978636,1.646371167,-0.017391743,1.80453216,1.536372991,2.541959839,-0.008583744,2.191311438,2.152480272,2.404084506,-0.025533302,1.028816527,2.001570996,1.460517782,-0.017391743,2.311395723,1.491017731,1.469217532,-0.025752496,-0.041672696,-0.024897552,-0.017699577,-0.092115289,-0.035718083,-0.017391743,-0.027908788,-0.036367644
1200,1.416216041,2.150523484,2.177866296,2.144512591,-0.016949558,2.372543682,2.016452208,-0.034486176,2.458670945,2.268683541,2.328560579,-0.016949558,1.872999638,2.090741097,2.012996442,-0.033901552,2.381880696,1.633023911,1.570620788,-0.050010421,2.24687678,1.433517488,1.645416513,-0.026202372,1.804969701,1.535902071,2.541959839,-0.008583744,2.189941887,2.154720918,2.405845845,-0.025533302,1.028816527,2.001570996,1.451472494,-0.008658063,2.311834223,1.491495628,1.469217532,-0.025752496,-0.041672696,-0.024897552,-0.017699577,-0.092115289,0,-0.026202372,-0.027908788,-0.036367644
1215,1.416216041,2.15140844,2.177866296,2.144068837,-0.016949558,2.37209313,2.016009828,-0.034486176,2.457219917,2.270520933,2.329958204,-0.016949558,1.873478222,2.090741097,2.016805971,-0.033901552,2.381432165,1.633023911,1.571574076,-0.050010421,2.246410906,1.434439572,1.644460947,-0.017391743,1.805407051,1.534487977,2.541959839,-0.008583744,2.190855129,2.155615773,2.404965563,-0.025533302,1.028370198,2.001115934,1.44995696,-0.008658063,2.311834223,1.491017731,1.469217532,-0.025752496,-0.041672696,-0.024897552,-0.017699577,-0.100925919,-0.00881063,-0.017391743,-0.027908788,-0.036367644
1230,1.415762423,2.15096606,2.178754395,2.143624886,-0.016949558,2.372543682,2.01512448,-0.034486176,2.456251394,2.274185618,2.329492546,-0.016949558,1.872999638,2.090272823,2.013473428,-0.033901552,2.381432165,1.633023911,1.571097546,-0.050010421,2.246410906,1.433517488,1.643982821,-0.026202372,1.805844209,1.534016167,2.540617257,-0.008583744,2.193134592,2.158741473,2.406285695,-0.025533302,1.027476942,2.001570996,1.450967571,-0.008658063,2.311834223,1.491017731,1.469217532,-0.025752496,-0.041672696,-0.024897552,-0.026668247,-0.032523192,0.017391743,-0.017391743,-0.027908788,-0.036367644
1245,1.4153086,2.15096606,2.178310444,2.143624886,-0.016949558,2.372994031,2.01512448,-0.034486176,2.456735773,2.281474945,2.32809427,-0.016949558,1.872999638,2.090741097,2.014426717,-0.033901552,2.380983432,1.632557602,1.571574076,-0.050010421,2.24687678,1.434900295,1.644460947,-0.026202372,1.806281177,1.532599402,2.540617257,-0.008583744,2.193134592,2.157849412,2.404525131,-0.025533302,1.027476942,2.002025852,1.441325274,-0.017391743,2.313148572,1.491017731,1.470175845,-0.025752496,-0.041672696,-0.024897552,-0.026668247,-0.049190244,0.025975486,-0.017391743,-0.027908788,-0.036367644
1260,1.41485457,2.150523484,2.178310444,2.143624886,-0.025533302,2.372994031,2.014238348,-0.034486176,2.455281932,2.288260766,2.327160999,-0.016949558,1.872520826,2.089804329,2.013473428,-0.033901552,2.381432165,1.632557602,1.571097546,-0.050010421,2.245944814,1.433978636,1.643025884,-0.017391743,1.806281177,1.531653776,2.540617257,-0.008583744,2.193589862,2.159632738,2.404084506,-0.025533302,1.027030014,2.001570996,1.432618433,-0.017391743,2.312710647,1.490539605,1.469696803,-0.025752496,-0.041672696,-0.024897552,-0.026668247,-0.074723546,0.034486176,-0.017391743,-0.027908788,-0.036367644
1275,1.41485457,2.150080713,2.178754395,2.143624886,-0.016949558,2.372994031,2.014238348,-0.034486176,2.454311529,2.296343432,2.328560579,-0.016949558,1.872999638,2.089804329,2.014426717,-0.033901552,2.380983432,1.632557602,1.571574076,-0.050010421,2.245478505,1.434900295,1.643504467,-0.026202372,1.807154539,1.531653776,2.539272869,-0.008583744,2.193589862,2.160968149,2.402761462,-0.025533302,1.027030014,2.002025852,1.44590427,-0.017391743,2.313148572,1.491017731,1.469217532,-0.025752496,-0.052367986,-0.024897552,-0.026668247,-0.109814866,-0.026668247,-0.017391743,-0.027908788,-0.036367644
1290,1.414400335,2.149637745,2.178754395,2.143624886,-0.025533302,2.373444177,2.014238348,-0.034486176,2.454311529,2.299914864,2.32809427,-0.008438869,1.872999638,2.089335615,2.013473428,-0.033901552,2.380085363,1.632091076,1.571574076,-0.050010421,2.245478505,1.433056127,1.643504467,-0.026202372,1.806717953,1.529759836,2.539272869,-0.008583744,2.194954429,2.162745928,2.403643686,-0.025533302,1.025688033,2.000660664,1.444888525,-0.017391743,2.313586304,1.491495628,1.469696803,-0.025752496,-0.052367986,-0.024897552,-0.026668247,-0.100925919,-0.00881063,-0.017391743,-0.027908788,-0.036367644
1305,1.413491244,2.150523484,2.179641707,2.143180738,-0.016949558,2.373894121,2.014681512,-0.034486176,2.45576678,2.30214055,2.32809427,-0.016949558,1.872999638,2.088866682,2.013473428,-0.033901552,2.380085363,1.632091076,1.571574076,-0.050010421,2.245478505,1.436281193,1.642547071,-0.026202372,1.807154539,1.528337023,2.538824338,-0.008583744,2.19677096,2.165849455,2.404084506,-0.025533302,1.025688033,2.000660664,1.448439125,-0.017391743,2.313148572,1.491495628,1.470654658,-0.025752496,-0.052367986,-0.024897552,-0.026668247,-0.083381609,-0.00881063,-0.017391743,-0.027908788,-0.036367644
1320,1.412581325,2.150080713,2.177866296,2.143180738,-0.016949558,2.374793401,2.014238348,-0.034486176,2.45576678,2.30524821,2.327160999,-0.016949558,1.872520826,2.089804329,2.013473428,-0.033901552,2.379636026,1.632091076,1.571574076,-0.050010421,2.245944814,1.435360807,1.642068029,-0.026202372,1.808027139,1.527387355,2.538375606,-0.008583744,2.19677096,2.165406683,2.404525131,-0.025533302,1.024792376,2.001570996,1.439794271,-0.017391743,2.314023845,1.491495628,1.469217532,-0.025752496,-0.052367986,-0.024897552,-0.026668247,-0.109814866,0.025975486,-0.026202372,-0.027908788,-0.036367644
1335,1.411670579,2.14875122,2.178754395,2.142736392,-0.025533302,2.374343862,2.013794987,-0.034486176,2.455281932,2.30701969,2.329958204,-0.016949558,1.872041784,2.090272823,2.012519229,-0.033901552,2.379636026,1.631624331,1.571574076,-0.050010421,2.245011978,1.435360807,1.641109256,-0.026202372,1.808027139,1.526436785,2.5370282,-0.008583744,2.198131196,2.165849455,2.403202671,-0.025533302,1.024792376,2.001115934,1.43826092,-0.017391743,2.314023845,1.492450738,1.469696803,-0.034486176,-0.052367986,-0.024897552,-0.026668247,-0.074723546,0,-0.017391743,-0.027908788,-0.045670037
1350,1.411670579,2.149637745,2.177866296,2.142291849,-0.016949558,2.375242739,2.012907676,-0.034486176,2.455281932,2.308346243,2.330423645,-0.016949558,1.872999638,2.089804329,2.012041788,-0.033901552,2.379186487,1.631624331,1.57205038,-0.050010421,2.244545234,1.436741069,1.643504467,-0.026202372,1.808027139,1.526436785,2.537926672,-0.008583744,2.19994197,2.166292031,2.403202671,-0.025533302,1.024344247,2.001570996,1.431589097,-0.017391743,2.313148572,1.491973297,1.473045288,-0.034486176,-0.052367986,-0.03333642,-0.026668247,-0.066139803,-0.035718083,-0.017391743,-0.027908788,-0.045670037
1365,1.410759002,2.147863908,2.178310444,2.142291849,-0.025533302,2.374793401,2.01335143,-0.034486176,2.453825974,2.309229636,2.329026671,-0.016949558,1.872999638,2.090272823,2.012519229,-0.033901552,2.378286801,1.631157369,1.57205038,-0.050010421,2.243143692,1.436741069,1.641588758,-0.026202372,1.808027139,1.524532929,2.5370282,-0.008583744,2.19994197,2.163189879,2.402320059,-0.025533302,1.022998654,2.001115934,1.427978053,-0.017391743,2.314023845,1.491973297,1.470654658,-0.034486176,-0.052367986,-0.03333642,-0.026668247,-0.074723546,-0.035718083,-0.017391743,-0.027908788,-0.045670037
1380,1.409846593,2.146975809,2.178310444,2.142736392,-0.025533302,2.374343862,2.012019576,-0.034486176,2.452854157,2.309229636,2.329958204,-0.016949558,1.872041784,2.089804329,2.012519229,-0.033901552,2.378736745,1.630690188,1.57205038,-0.050010421,2.244078271,1.433056127,1.642068029,-0.026202372,1.807154539,1.522148001,2.53657866,-0.008583744,2.200394152,2.164520551,2.403202671,-0.025533302,1.022998654,2.000660664,1.42952724,-0.008658063,2.314023845,1.491495628,1.472567619,-0.034486176,-0.052367986,-0.03333642,-0.026668247,-0.100925919,-0.054067221,-0.026202372,-0.027908788,-0.045670037
1395,1.409390076,2.14608692,2.177866296,2.142736392,-0.025533302,2.374793401,2.012463725,-0.034486176,2.451881394,2.309671039,2.329958204,-0.016949558,1.872520826,2.089335615,2.011086222,-0.033901552,2.378286801,1.631624331,1.572526457,-0.050010421,2.243611091,1.433056127,1.642068029,-0.026202372,1.807590934,1.521192434,2.53657866,-0.008583744,2.200394152,2.164963715,2.402320059,-0.025533302,1.02254972,2.001115934,1.434673932,-0.017391743,2.314023845,1.490539605,1.471611596,-0.034486176,-0.052367986,-0.03333642,-0.026668247,-0.066139803,-0.035718083,-0.026202372,-0.027908788,-0.045670037
1410,1.408476417,2.14519724,2.177866296,2.141847108,-0.016949558,2.375242739,2.01157523,-0.034486176,2.449933025,2.309229636,2.330423645,-0.016949558,1.872520826,2.089335615,2.012041788,-0.033901552,2.378286801,1.631157369,1.572526457,-0.050010421,2.244078271,1.429357556,1.641588758,-0.026202372,1.807590934,1.521192434,2.535678975,-0.008583744,2.20084613,2.16407719,2.40187846,-0.025533302,1.022100585,2.001570996,1.420195913,-0.017391743,2.314898353,1.491017731,1.473045288,-0.034486176,-0.052367986,-0.03333642,-0.026668247,-0.083381609,-0.00881063,-0.026202372,-0.027908788,-0.045670037
1425,1.40664659,2.145642179,2.178310444,2.142291849,-0.025533302,2.375242739,2.012463725,-0.043296806,2.44944534,2.309671039,2.329958204,-0.016949558,1.872041784,2.089335615,2.010608096,-0.033901552,2.378286801,1.631157369,1.572526457,-0.050010421,2.243611091,1.427967058,1.641588758,-0.026202372,1.807590934,1.519757371,2.535228829,-0.008583744,2.201749472,2.166734411,2.401436666,-0.025533302,1.021651248,2.000660664,1.411302315,-0.017391743,2.314461195,1.491495628,1.470654658,-0.034486176,-0.052367986,-0.03333642,-0.026668247,-0.100925919,0,-0.026202372,-0.037387532,-0.045670037
1440,1.405730419,2.144306768,2.17742195,2.141847108,-0.008438869,2.375242739,2.01157523,-0.043296806,2.447980853,2.309671039,2.329026671,-0.016949558,1.871562512,2.089335615,2.010608096,-0.033901552,2.377836655,1.631624331,1.573002308,-0.058594164,2.244078271,1.427503128,1.641109256,-0.026202372,1.807590934,1.518320245,2.533877173,-0.008583744,2.202200837,2.168501976,2.401436666,-0.025533302,1.020751967,2.000660664,1.409198159,-0.017391743,2.315335321,1.491495628,1.46873803,-0.034486176,-0.052367986,-0.03333642,-0.026668247,-0.083381609,-0.026668247,-0.026202372,-0.027908788,-0.045670037
